page,sampling_rank,iterate_rank
1.html,0.217900,0.219777
2.html,0.432200,0.429358
3.html,0.216500,0.219777
4.html,0.133400,0.131088
